{"cameraMode":{"drawMode":0,"name":"Shaded","section":"Shading Mode"},"sceneLighting":true,"audioPlay":false,"sceneViewState":{"showFog":true,"showMaterialUpdate":true,"showSkybox":true,"showFlares":true,"showImageEffects":true,"showParticleSystems":true},"in2DMode":false,"pivot":{"x":-2.7255616188049318,"y":7.541646957397461,"z":-1.3635178804397584},"rotation":{"x":-0.05228196084499359,"y":-0.012384410947561264,"z":0.0006601766217499971,"w":-0.9985553622245789},"size":14.584953308105469,"orthographic":false}