{"cameraMode":{"drawMode":0,"name":"Shaded","section":"Shading Mode"},"sceneLighting":true,"audioPlay":false,"sceneViewState":{"showFog":true,"showMaterialUpdate":true,"showSkybox":true,"showFlares":true,"showImageEffects":true,"showParticleSystems":true},"in2DMode":false,"pivot":{"x":-2.3357925415039064,"y":-0.1513206958770752,"z":13.73296070098877},"rotation":{"x":-0.05727584287524223,"y":-0.003893344895914197,"z":0.00022746137983631343,"w":-0.9983507990837097},"size":20.799694061279298,"orthographic":false}