{"cameraMode":{"drawMode":0,"name":"Shaded","section":"Shading Mode"},"sceneLighting":true,"audioPlay":false,"sceneViewState":{"showFog":true,"showMaterialUpdate":true,"showSkybox":true,"showFlares":true,"showImageEffects":true,"showParticleSystems":true},"in2DMode":false,"pivot":{"x":3.4559242725372316,"y":12.057641983032227,"z":-6.57616662979126},"rotation":{"x":-0.16332554817199708,"y":-0.0934736356139183,"z":0.015558264218270779,"w":-0.9820109009742737},"size":19.456478118896486,"orthographic":false}