{"cameraMode":{"drawMode":0,"name":"Shaded","section":"Shading Mode"},"sceneLighting":true,"audioPlay":false,"sceneViewState":{"showFog":true,"showMaterialUpdate":true,"showSkybox":true,"showFlares":true,"showImageEffects":true,"showParticleSystems":true},"in2DMode":false,"pivot":{"x":-5.144458770751953,"y":37.12983703613281,"z":7.0325608253479},"rotation":{"x":-0.2553476393222809,"y":0.14685183763504029,"z":-0.03924662619829178,"w":-0.9548255801200867},"size":15.185961723327637,"orthographic":false}