{"cameraMode":{"drawMode":0,"name":"Shaded","section":"Shading Mode"},"sceneLighting":true,"audioPlay":false,"sceneViewState":{"showFog":true,"showMaterialUpdate":true,"showSkybox":true,"showFlares":true,"showImageEffects":true,"showParticleSystems":true},"in2DMode":false,"pivot":{"x":0.2053215205669403,"y":16.870376586914064,"z":-5.6583476066589359},"rotation":{"x":0.0051795304752886299,"y":0.9767285585403442,"z":-0.21309852600097657,"w":0.02374008670449257},"size":42.26296615600586,"orthographic":false}