{"cameraMode":{"drawMode":0,"name":"Shaded","section":"Shading Mode"},"sceneLighting":true,"audioPlay":false,"sceneViewState":{"showFog":true,"showMaterialUpdate":true,"showSkybox":true,"showFlares":true,"showImageEffects":true,"showParticleSystems":true},"in2DMode":false,"pivot":{"x":1.798251748085022,"y":25.146007537841798,"z":8.161178588867188},"rotation":{"x":-0.1876329630613327,"y":-0.02396276406943798,"z":0.004598414991050959,"w":-0.9819361567497253},"size":40.69087219238281,"orthographic":false}