{"cameraMode":{"drawMode":0,"name":"Shaded","section":"Shading Mode"},"sceneLighting":true,"audioPlay":false,"sceneViewState":{"showFog":true,"showMaterialUpdate":true,"showSkybox":true,"showFlares":true,"showImageEffects":true,"showParticleSystems":true},"in2DMode":false,"pivot":{"x":5.707180500030518,"y":5.179919719696045,"z":-3.164346218109131},"rotation":{"x":-0.30625709891319277,"y":0.41582781076431277,"z":-0.15108174085617066,"w":-0.8428928256034851},"size":5.375967979431152,"orthographic":false}