{"cameraMode":{"drawMode":0,"name":"Shaded","section":"Shading Mode"},"sceneLighting":true,"audioPlay":false,"sceneViewState":{"showFog":true,"showMaterialUpdate":true,"showSkybox":true,"showFlares":true,"showImageEffects":true,"showParticleSystems":true},"in2DMode":false,"pivot":{"x":0.7678008079528809,"y":7.983394622802734,"z":-1.6124480962753297},"rotation":{"x":-0.1130647361278534,"y":-0.002383501036092639,"z":0.000276733364444226,"w":-0.9935846924781799},"size":19.890260696411134,"orthographic":false}