{"cameraMode":{"drawMode":0,"name":"Shaded","section":"Shading Mode"},"sceneLighting":true,"audioPlay":false,"sceneViewState":{"showFog":true,"showMaterialUpdate":true,"showSkybox":true,"showFlares":true,"showImageEffects":true,"showParticleSystems":true},"in2DMode":false,"pivot":{"x":-5.144458770751953,"y":37.12983703613281,"z":7.0325608253479},"rotation":{"x":-0.1630696952342987,"y":-0.009272737428545952,"z":0.0015584937063977123,"w":-0.9865697622299194},"size":15.185961723327637,"orthographic":false}