{"cameraMode":{"drawMode":0,"name":"Shaded","section":"Shading Mode"},"sceneLighting":true,"audioPlay":false,"sceneViewState":{"showFog":true,"showMaterialUpdate":true,"showSkybox":true,"showFlares":true,"showImageEffects":true,"showParticleSystems":true},"in2DMode":false,"pivot":{"x":-0.23031547665596009,"y":12.973367691040039,"z":2.3767271041870119},"rotation":{"x":-0.24578972160816194,"y":-0.17943185567855836,"z":0.04635775089263916,"w":-0.9514424204826355},"size":14.207345962524414,"orthographic":false}