{"cameraMode":{"drawMode":0,"name":"Shaded","section":"Shading Mode"},"sceneLighting":true,"audioPlay":false,"sceneViewState":{"showFog":true,"showMaterialUpdate":true,"showSkybox":true,"showFlares":true,"showImageEffects":true,"showParticleSystems":true},"in2DMode":false,"pivot":{"x":-0.814575731754303,"y":18.499176025390626,"z":0.6327521800994873},"rotation":{"x":-0.05220695957541466,"y":-0.054299984127283099,"z":0.0028384202159941198,"w":-0.997154951095581},"size":25.268781661987306,"orthographic":false}