{"cameraMode":{"drawMode":0,"name":"Shaded","section":"Shading Mode"},"sceneLighting":true,"audioPlay":false,"sceneViewState":{"showFog":true,"showMaterialUpdate":true,"showSkybox":true,"showFlares":true,"showImageEffects":true,"showParticleSystems":true},"in2DMode":false,"pivot":{"x":6.056459426879883,"y":0.9861655235290527,"z":1.433333396911621},"rotation":{"x":0.08656973391771317,"y":-0.1077798455953598,"z":-0.009409483522176743,"w":-0.9903538227081299},"size":0.7362815141677856,"orthographic":false}